query,response
Which is the best Lightning cable under ₹400 for daily use with iPhone 13?,"For daily use with iPhone 13 I always suggest the Wayona Nylon Braided 3FT cable at ₹399. It charges really fast, feels very solid because of the nylon braiding and aluminium housing, and has survived more than a year for most users without any fraying. You also get 12 months warranty and it works perfectly with original Apple adapters as well as third-party fast chargers.\n\nIf you want something even cheaper, the Portronics Konnect L at ₹154–₹159 is surprisingly reliable and gives almost the same charging speed as the original cable for a fraction of the price."
Suggest a durable Type-C cable under ₹200 that supports fast charging,"Take the Ambrane Unbreakable 60W 1.5m Braided Type-C cable at ₹199. It handles 3A charging without any problem, the braiding is very tough, length is perfect and thousands of people are using it daily with Samsung, OnePlus, Realme and Mi phones for Android Auto and fast charging. Even after rough usage it doesn’t break easily and gives proper 480 Mbps data speed too."
I need a cable for both Micro USB and Type-C. Any good option?,"Go for the boAt Deuce USB 300 2-in-1 cable (Martian Red or black). It has both Micro USB and Type-C connectors in one cable, supports 3A fast charging, transfers data at 480 Mbps and the nylon braiding with aluminium housing makes it last really long. 1.5 meter length is perfect and it comes with 2 years warranty."
Which cable is the toughest Micro USB one right now?,"The boAt Rugged V3 1.5 meter is currently the toughest Micro USB cable you can buy. It has extra thick polyethylene braiding that survives 10,000+ bends easily and people are using it for more than two years without any damage. It gives 2.4A charging which is more than enough for most phones and the cable never tangles."
I want a Lightning cable that supports fast charging and lasts long. Budget ₹200–₹300,"Portronics Konnect L 1.2M (grey or white) is perfect in this range. When paired with an original Apple 20W/18W adapter it gives almost the same charging speed as the original cable, the nylon + TPE build is very strong and the L-shaped connector saves the port from bending damage. Many users have been using the same cable daily for over a year."
Best Type-C to Lightning cable for iPhone 14 that supports 20W PD?,"Portronics Konnect CL 20W (green colour) is excellent. It is fully MFi certified in performance, charges iPhone 14 to 50% in around 30 minutes with a 20W adapter, has nylon braiding and feels premium. Length is 1.2 meter which is convenient and it also transfers data quickly."
I need a cable just for Android Auto in car. Which one works without disconnects?,"Ambrane Unbreakable Type-C 1.5m or the original MI Braided Type-C both work flawlessly with Android Auto. People specifically buy these two for car use because the connectors are tight, cable is thick and there are almost zero random disconnects even on bumpy roads."
Suggest a good HDMI cable for 4K TV that doesn’t cost much,"AmazonBasics 3-foot Flexible Premium HDMI cable at ₹219 is easily the best in this price. It supports full 4K@60Hz, 18 Gbps bandwidth, has proper copper conductors and shielding so you get perfect picture and sound on PS5, laptop to TV or any setup. More than 4 lakh people are using it without complaints."
Which cable brand gives the longest warranty?,"boAt gives 2 years warranty on almost all their cables (Deuce 300, Rugged V3, Micro USB 55 etc.) while others give 6–12 months. That’s why most people prefer boAt when they want peace of mind for daily rough use."
I want a red colour Type-C cable that looks premium,"MI Braided USB Type-C in Red colour looks and feels very premium. The joints are toughened, braiding is tight and it supports up to 33W fast charging on Redmi/Poco phones. Even after 8–10 months of daily use it still looks brand new."
Best budget WiFi dongle for old desktop under ₹500?,TP-Link TL-WN725N nano adapter at ₹499 is the safest choice. Just plug it in and it works on Windows 11/10/7 and even on most Linux distributions without installing anything extra. Size is tiny so you can leave it plugged in forever and range is good enough for normal home use.
I need an HDMI to VGA adapter for my old projector. Which one should I buy under ₹300?,"Just get the Tizum HDMI to VGA Adapter at ₹279. It converts HDMI output from laptop/PS3/Xbox to VGA perfectly in 1080p, has a solid built-in IC chip and works without any external power or audio cable. Thousands of people are using it daily with old monitors and projectors and it keeps working even after months of regular use.\n\nOnly thing to remember – it’s one-way (HDMI to VGA only) and no audio through VGA, but for presentation or old monitor use it’s absolutely perfect."
"Suggest a 32-inch smart TV under ₹15,000 with good picture quality","Take the Acer 32-inch I Series HD Ready Android Smart LED TV at around ₹11,499–₹12,999. You get Google TV 11, dual-band Wi-Fi, 24W Dolby Audio speakers, HDR10+ and very good colour reproduction for the price. After using it for months people say picture quality is surprisingly sharp for 720p and the sound is loud enough for a bedroom or small hall."
Which is better between Samsung 32-inch Wondertainment and Acer 32-inch I Series?,"If you can stretch to ₹13,490 go for the Samsung 32-inch Wondertainment – slightly better service network and PurColor tech. But if you want to save ₹2000–3000 and get dual-band Wi-Fi + more OTT hotkeys, the Acer I Series is actually the smarter buy right now."
Best budget 32-inch smart TV for bedroom?,"OnePlus 32Y1 32-inch HD Ready Android TV at ₹14,999 is perfect for bedroom use. Super slim, Dolby Audio 20W speakers that sound really good, Gamma Engine for better colours and OxygenPlay. Remote is minimal with direct Netflix/Prime buttons and the TV boots up fast."
"I want a single cable for iPhone, Type-C and Micro USB devices","Ambrane Unbreakable 3-in-1 Braided Cable 1.25m at ₹299 is exactly what you need. Lightning + Type-C + Micro USB in one cable, braided outside, charges everything decently fast and survives being stuffed in bags daily. Perfect for travel or family with mixed devices."
Best MFi certified fast charging cable for iPhone under ₹1000,"Duracell USB-C to Lightning Braided Cable 1.2m at ₹970 is hands-down the best. Apple MFi certified, full 20W–30W PD fast charging, stronger than original Apple cable and 2 years warranty. People use it in cars and daily without wear even after a year."
I need a 2-meter strong Type-C cable for my OnePlus/Samsung phone,"boAt A400 USB Type-C 2 Meter cable at ₹299 is unbeatable. Thick nylon braiding, aluminium shells, supports 3A fast charging and 25W–33W without heating. People have been using the same cable daily for 2–3 years and it still looks new."
Suggest a long USB extension cable for printer or DVR,"AmazonBasics USB 2.0 A-Male to A-Female 3-meter extension at ₹199 is perfect. Gold-plated connectors, thick shielding, zero lag even at full 3-meter length. People are using it for printers, DVRs, external keyboards without issues for years."
Which is the best L-shaped Type-C cable for gaming while charging?,"Ambrane 60W L-Shaped Braided Type-C 1.5m at ₹179–₹199 is made for exactly this. The 90-degree connector never breaks, supports 30W–60W PD charging and the braiding is super tough. Gamers love it because phone stays comfortable in hand during long sessions."
I want a 2 meter good quality Type-C cable under ₹400,"Zoul USB-C 2 Meter Nylon Braided 60W cable at ₹389 is excellent. Full 3A charging, 480Mbps data, very thick braiding and solid metal connectors. People with Samsung S20/S21 series say it charges as fast as original cable."
Best original Samsung Type-C to Type-C cable?,"Samsung Original Type-C to Type-C 1 Meter White cable at ₹599 is the safest. Supports 25W–45W super-fast charging perfectly on Samsung phones, very neat finish and lasts really long."
Budget fast Type-C to Type-C cable for laptop and phone,"pTron Solero T351 Type-C to Type-C 1 Meter at ₹199 works brilliantly with 60W–65W chargers. Gives proper 3.5A speed on OnePlus, Realme, Mi laptops and phones. Build quality is surprisingly good for the price."
Best MFi Lightning cable that is stronger than Apple original,"AmazonBasics Nylon Braided USB-C to Lightning 6ft Dark Grey at ₹899 is actually stronger than original Apple cable. MFi certified, supports 20W–30W PD, textured grip ends and survives 20,000+ bends."
I need a red colour Warp/Dash charging cable for OnePlus,"Sounce 65W OnePlus Warp Charge Red Cable 1 Meter at ₹199 is perfect. Gives full 65W on OnePlus 8T/9/10R series exactly like original. Silicon coating, thick copper core and survives daily use in car and home."
50-inch 4K TV under 35k with good sound?,"OnePlus 50Y1S Pro 50-inch 4K Android TV at ₹32,999 is easily the best. Bezel-less design, Dolby Audio 24W, Dolby Atmos support, very good upscaling and Gamma Engine. Picture quality is sharp even in bright rooms."
Strong Type-C to Type-C cable for 100W laptop charging,"Duracell Type-C to Type-C 100W Braided 1.2m at ₹970 is perfect. Supports full 100W PD charging on MacBook, Dell, HP laptops, 5Gbps data speed and extremely tough braiding. Comes with 2 years replacement warranty."
Good printer cable under ₹250,"AmazonBasics USB 2.0 A-Male to B-Male 1.8m at ₹209 is the most reliable. Thick shielding, gold-plated connectors and works perfectly with all printers – HP, Canon, Epson even after years."
I want a cheap Micro USB cable that actually lasts long,"pTron Solero MB301 1.5 Meter Braided Micro USB at ₹99 is unbeatable. Double braided, 3A charging support and people are using the same cable for 1–2 years daily with old Samsung, Redmi phones."
Best cable to connect phone to TV for screen mirroring?,"Tizum HDMI 1.5m or AmazonBasics HDMI 3m both work perfectly. Just connect phone to TV via MHL adapter or laptop to TV directly – 4K support, no lag and very sturdy build."
Recommend a very durable HDMI cable under ₹250,"Tizum High Speed HDMI 5ft/1.5m at ₹199 is rock solid. Thick nylon braiding, supports 4K, gold connectors – people are using it for wall-mounted TVs and PS5 without any signal issues."
"I need a cable that works with iPhone, Android and old phone together","Ambrane 3-in-1 braided cable at ₹299 covers Lightning, Type-C and Micro USB perfectly. Charges all ports work fast and the cable is tough enough for daily bag use."
"Which 32-inch TV has the best sound under ₹15,000?",Acer 32-inch I Series with 24W Dolby Audio speakers sounds the loudest and clearest in this range. No need for extra soundbar in small rooms.
Best budget 4K HDMI cable that actually supports 60Hz,AmazonBasics Flexible Premium HDMI 3ft at ₹219 supports full 4K@60Hz 18Gbps with zero issues – over 4 lakh happy buyers.
Is the boAt A400 2m cable good for 33W charging?,"Yes, it easily handles 33W–45W on Samsung/OnePlus phones. People have tested with official chargers and it pulls full speed."
Which cable should I buy for Android Auto that never disconnects?,Ambrane Unbreakable 60W Type-C 1.5m – connectors are super tight and braided jacket survives car heat perfectly.
Best Lightning cable under ₹200 that charges almost as fast as original,Portronics Konnect L 1.2m at ₹154–₹159 gives near-original charging speed with Apple 20W brick and lasts more than a year daily.
Recommend a strong cable for power bank to phone,Wayona Nylon Braided Lightning 3FT or boAt A400 Type-C 2m – both are compact and tough enough for pocket/bag carry with power banks.
Which brand makes the strongest cables overall?,boAt Rugged and Ambrane Unbreakable series are the two names that come up again and again for surviving 2–3 years of rough daily use.
Is Duracell Lightning cable really better than Apple original?,"In durability yes – thicker braiding, stronger joints, same fast charging speed and full MFi certification. Most users say it outlasts Apple cable 2–3 times."
Best cable for fast charging iPhone in car,Duracell USB-C to Lightning braided 1.2m – supports 20W–30W PD even with car chargers and survives heat and bending perfectly.
Need a long HDMI cable (5–10 feet) that doesn’t lose signal,Tizum 5ft or AmazonBasics 9.8ft both maintain perfect 4K signal with thick shielding – no flickering even when routed through walls.
Which is the cheapest cable that supports 65W Warp charging on OnePlus?,Sounce Red Warp Charge cable at ₹199 gives full 65W exactly like original at just ₹199.
Best USB extension cable for webcam or microphone,"AmazonBasics 3-meter USB 2.0 extension – zero latency, thick cable, gold connectors – works perfectly for Zoom calls and recording."
Recommend a tough Micro USB cable for old phone under ₹150,"pTron Solero MB301 1.5m braided at ₹99 – 3A charging, double braided, lasts 1.5–2 years easily."
Is the Samsung 32-inch Wondertainment worth buying in 2024?,Yes if you want reliable after-sales service and slightly better colour accuracy. Otherwise Acer I Series gives more features for less money.
Which cable should I keep in office bag for emergency charging?,"Ambrane 3-in-1 braided 1.25m – covers iPhone, Android Type-C and old Micro USB phones in one cable."
"Best 50-inch 4K TV under ₹35,000 right now","OnePlus 50Y1S Pro – bezel-less 4K panel, Dolby Audio + Atmos, smooth Android performance and excellent upscaling of HD content."
Which HDMI to VGA converter actually works reliably?,"Tizum HDMI to VGA adapter at ₹279 – built-in AG6200 chip, stable 1080p output, used by thousands daily with old projectors and monitors."
Final recommendation – strongest everyday cable under ₹300?,boAt Rugged V3 Micro USB or boAt A400 Type-C 2m – both come with 2 years warranty and survive everything you throw at them.
I need a good wet & dry vacuum cleaner under ₹7000 for home + car cleaning,"Take the Karcher WD3 at ₹6,199 without thinking twice. It has real 1000W suction power, 17L tank, patented no-contact filter removal and works brilliantly for wet spills, car interiors, garden leaves and even fine dust. The blower function is super useful to blow out dust from corners. Yes it’s loud like every powerful vacuum, but the suction is unmatched in this price – people are using it for years without any drop in performance."
Which air fryer should I buy for a family of 4-5 under ₹7000?,"Go for the INALSA Air Fry Digital 4L Nutri Fry at ₹6,790. It has proper 1400W power, 8 useful presets, digital touch screen and the starfish design pan gives perfectly even cooking without flipping. People are making everything – aloo tikkis, roast chicken, frozen fries, cakes – with almost zero oil and it cleans in seconds. Best part is Inalsa demo guy actually comes home and shows you how to use it."
Best pedestal fan under ₹2000 with good air throw?,"AmazonBasics High Speed 400mm Pedestal Fan at ₹1,982 is unbeatable right now. 55W motor gives 1456 RPM speed and 70+ CMM air delivery, oscillates 78 degrees and the build quality is solid. It’s slightly noisy on highest speed but the air throw is excellent for a medium room. Just note – no remote control, but at this price nothing comes close."
Which is the best electric kettle under ₹1500 with stainless steel body?,"Borosil Rio 1.5L Stainless Steel Kettle at ₹1,180 is perfect. Concealed element, dry-boil protection, auto cut-off, 1.2m long cord and the build quality is excellent. People are using it daily for tea, coffee, maggi, boiling eggs and it lasts 3–5 years easily. Just don’t boil milk in it as mentioned clearly."
Looking for a good ceiling fan under ₹2500 with nice design,"Havells Ambrose 1200mm Pearl White Wood finish at ₹2,199 looks premium and performs really well. Metallic paint, decorative trims, double ball bearings and very silent operation. Catches dust easily because of the light colour but the air delivery and build quality are top notch for the price."
Best drip coffee maker under ₹3000 for home use?,"Philips HD7432/20 at ₹2,999 makes 2–7 cups of proper filter coffee in 10 minutes. Aroma twister gives consistent taste from first to last cup, drip-stop so you can pour mid-brew and the glass jug + filter holder are dishwasher safe. Perfect for South Indian filter coffee lovers."
Need paper dust bags for old Eureka Forbes vacuum cleaner,"Eureka Forbes Euroclean Paper Dust Bags (pack of 10) at ₹253 are genuine and fit perfectly in Excel, Ace, Jet, 300 models. Anti-microbial treatment, traps even fine dust and protects the motor. People are using the same old Euroclean vacuums for 10+ years just by changing these bags regularly."
Best humidifier under ₹600 for bedroom/desk?,"Larrito Wooden Cool Mist Ultrasonic Humidifier at ₹499 works surprisingly well. 7 colour night light, whisper quiet, 4-hour auto shut-off and gives good mist for small rooms. Perfect for winter dryness or when AC is running. Just refill every 5–6 hours."
Which room heater is good under ₹1500 for personal use?,"Hilton Quartz 800W 2-Rod Heater at ₹1,149 is the best in this range. Instant heat, safety tip-over switch, carry handle and two settings (400W/800W). Perfect to keep near your feet under the table or for small personal space. Not for heating entire room."
Best dry iron under ₹500 with good soleplate?,"Syska SDI-07 1000W Golden American Heritage Soleplate at ₹457 glides really well. Overheat safety, multi-fabric selector and the golden non-stick plate is excellent. Cord is a bit short but for the price it’s unbeatable."
Cheap milk frother that actually works well?,"IKEA Milk Frother (Black) at ₹229 is magic. Takes 15–20 seconds for thick froth on warm milk, works on both hot and cold milk. Battery operated (2 AA), super compact and people are using it daily for café-style coffee at home."
Tap water filter under ₹300 that actually reduces chlorine smell?,"IONIX 5-Layer Tap Filter at ₹199 works decently. Removes chlorine smell, some sediments and makes water taste sweeter. Easy to install on most taps, just change every 3–4 months. Not RO level purification but good for cooking/drinking if your water is not too hard."
Best mini waffle maker under ₹1000 for kids?,"Kitchengenix 4-inch Mini Waffle Maker (Red) at ₹899 is super cute and useful. 350W, non-stick plates, ready in 3–4 minutes and kids love making mini waffles, cookies, hash browns. Compact size perfect for small kitchens or hostels."
Hand mixer under ₹1500 for home baking?,"Bajaj HM-01 250W Hand Mixer at ₹1,499 is a beast for the price. 3 speeds, chrome dough hooks + beaters and whips cream in 2–3 minutes. Home bakers are using it for cakes, breads, meringues without any issues for years."
Best handheld milk frother under ₹500?,"KNOWZA Electric Milk Frother (Black) at ₹426 makes thick foam in 15–30 seconds. 14000 RPM motor, stainless steel whisk and super easy to clean. Perfect for cappuccino, dalgona, hot chocolate at home."
Room heater under ₹2500 that actually heats a 10x12 room?,"Usha HC 812 T Fan Heater at ₹2,320 works really well. Twin turbo fan throws hot air far, thermostat control and safety cut-off. Takes 10–15 minutes to warm up a small-medium room properly."
Mini sewing machine under ₹2000 for beginners/alterations?,"Akiara Mini Sewing Machine with full accessory kit at ₹1,563 is good for light fabrics, kids clothes, curtains, minor repairs. Comes with threads, needles, buttons, scissors – everything. Not for denim or very thick cloth but perfect for home use."
Best fan heater under ₹4000 with good safety features?,"Usha 1212 PTC Fan Heater at ₹3,487 is excellent. 1500W/2000W settings, overheating protection, fire-retardant body and heats up a room nicely. Much safer than quartz/rod heaters."
Electric vegetable chopper under ₹600 that actually works?,"4-in-1 Handheld Electric Vegetable Cutter Set at ₹498 is surprisingly useful. Slices, chops garlic/ginger/chilli in seconds and the one-key cleaning is very convenient. Good for daily cooking prep."
Best stainless steel electric kettle under ₹3000?,"Philips HD9306 1.5L at ₹2,695 is premium. Food-grade SS body, concealed element, 360° cordless base, steam sensor, dry-boil protection and the build quality is excellent. Cord is short but overall best in class."
Room heater under ₹1000 that works for small room?,"Libra FH12 2000W Fan Heater at ₹949 is compact and effective. 3 modes (cool/warm/hot), good air throw and overheat protection. Perfect for 100–120 sqft room in mild winters."
Best grill sandwich maker under ₹3000?,"Borosil Jumbo Grill Sandwich Maker at ₹2,863 makes 2 large sandwiches perfectly. Deep ribbed plates, oil drip tray, temperature control and the build quality is excellent. People are using it daily for years."
Which exhaust fan is good for kitchen under ₹1500?,"Havells Ventil Air DSP 230mm Pista Green at ₹1,399 is the best. 1350 RPM, 510 CMH air delivery, sturdy steel bird guard and pulls out smoke/oil vapours really well. Speed is slightly slower than some but quality is top notch."
Best rice cooker under ₹2500 for small family?,"Prestige Delight 1L Electric Rice Cooker at ₹2,280 is perfect for 2–3 people. Cooks rice, pulao, steamed veggies perfectly and the keep-warm function works great. Very reliable brand."
Need dust bags for old Eureka Forbes vacuum,"Eureka Forbes genuine paper bags pack of 10 at ₹253 are perfect. Anti-microbial, fit old models exactly and people are using the same vacuum for 15+ years just by changing these regularly."
Which room heater is safest for kids room under ₹3000?,"Usha 1212 PTC or Hilton Quartz 2-rod are both good, but go with Hilton Quartz 800W – tip-over switch, cool grill and instant heat. Keep it on table away from reach."
Best coffee maker for South Indian filter coffee under ₹3500?,"Philips HD7432/20 drip coffee maker works brilliantly for decoction style. Just put coarse ground coffee, hot water and you get perfect filter coffee aroma every time."
Which is better – Karcher WD3 or Eureka Forbes wet-dry?,"Karcher WD3 any day. Real German suction power, better build, no-contact filter change and the blower function actually works. Eureka is cheaper but Karcher lasts 8–10 years easily."
Best budget air fryer that actually cooks well?,"INALSA 4L Digital is currently the best value. Proper 1400W heating, even cooking, easy presets and people are making restaurant-style food daily with zero oil."
Which pedestal fan gives maximum air throw under ₹2500?,AmazonBasics 55W High Speed 400mm – 1456 RPM and 70+ CMM air delivery beats everything in this range.
Best kettle for hostel students?,"Borosil Rio 1.5L – stainless steel, concealed element, long cord and boils water in 4–5 minutes. Super durable."
Need a quiet ceiling fan with good looks,"Havells Ambrose Pearl White Wood – silent, beautiful design and excellent sweep."
Which heater is best for Delhi winter under ₹3000?,"Bajaj Majesty RX10 Heat Convector – 2000W, fan forced circulation and heats 10x12 room properly in 15 minutes."
Best sandwich maker for daily use?,"Borosil Jumbo Grill – large plates, proper temperature and makes perfect crispy sandwiches every time."
Which vacuum cleaner is best for car + home under ₹7000?,Karcher WD3 – no Indian brand comes close in suction power and versatility.
Best milk frother under ₹500 that gives thick foam?,IKEA frother ₹229 – 15 seconds and you get Barista-style thick foam.
Which room heater consumes less electricity?,Hilton Quartz 400/800W or Libra 2000W with thermostat – use lower setting once room is warm.
Best drip coffee maker for beginners?,"Philips HD7432 – simple, consistent taste and very easy to clean."
Which air fryer has the best customer service?,INALSA – they actually send a demo person home and explain everything.
Best exhaust fan for bathroom?,Havells Ventil Air DSP 230mm – strong suction and good looks.
Which sewing machine is good for beginners at home?,Akiara Mini with full kit – easy for alterations and light sewing.
Best electric kettle that doesn’t leak?,Philips HD9306 stainless steel – perfect sealing and premium build.
Which heater has the longest warranty?,Bajaj Majesty RX10 – 2 years full warranty.
Best waffle maker for small kitchen?,"Kitchengenix 4-inch mini – cute, compact and makes perfect mini waffles."
Which fan heater is safest?,"Usha 1212 PTC – no exposed rods, overheat protection and cool touch body."
Best rice cooker for 2 people?,"Prestige Delight 1L – compact, perfect cooking and keep-warm works great."
Which dust bags are genuine for Euroclean?,Eureka Forbes official paper bags – fit perfectly and protect motor.
Best budget grill sandwich maker?,"Borosil Jumbo – worth every rupee, lasts 5–7 years easily."
Which humidifier is good for winter dryness?,"Larrito wooden one ₹499 – silent, colourful light and good mist output."
Best hand mixer for cakes under ₹2000?,Bajaj HM-01 250W – whips cream in 2 minutes flat.
